<?xml version="1.0" encoding="UTF-8"?>
<faces-config xmlns="http://xmlns.jcp.org/xml/ns/javaee"
	xmlns:xsi="http://www.w3.org/2001/XMLSchema-instance"
	xsi:schemaLocation="http://xmlns.jcp.org/xml/ns/javaee http://xmlns.jcp.org/xml/ns/javaee/web-facesconfig_2_3.xsd"
	version="2.3">


	<navigation-rule>
		<from-view-id>/login.xhtml</from-view-id>
		<navigation-case>
			<from-outcome>home</from-outcome>
			<to-view-id>/home.xhtml</to-view-id>
		</navigation-case>
	</navigation-rule>

	<navigation-rule>
		<from-view-id>/home.xhtml</from-view-id>
		<navigation-case>
			<from-outcome>toCourses</from-outcome>
			<to-view-id>/cources.xhtml</to-view-id>
		</navigation-case>
		<navigation-case>
			<from-outcome>toStatistics</from-outcome>
			<to-view-id>/statistics.xhtml</to-view-id>
		</navigation-case>
		<navigation-case>
		<from-outcome>toRanking</from-outcome>
		<to-view-id>/ranking.xhtml</to-view-id>
		</navigation-case>
	</navigation-rule>

</faces-config>
