<?xml version="1.0" encoding="UTF-8" standalone="no"?>
<bindings xmlns="http://java.sun.com/xml/ns/jaxb" if-exists="true" version="2.1">
  <!--

This file was generated by the JavaTM Architecture for XML Binding(JAXB) Reference Implementation, v2.2.11 
See <a href="http://java.sun.com/xml/jaxb">http://java.sun.com/xml/jaxb</a> 
Any modifications to this file will be lost upon recompilation of the source schema. 
Generated on: 2020.05.30 at 10:35:43 PM EEST 

  -->
  <bindings xmlns:tns="http://localhost:9091/types/SendEmailInput" if-exists="true" scd="x-schema::tns">
    <schemaBindings map="false">
      <package name="com.example.notes.soap.mailSender"/>
    </schemaBindings>
    <bindings if-exists="true" scd="tns:SendEmailInput">
      <class ref="com.example.notes.soap.mailSender.SendEmailInput"/>
    </bindings>
    <bindings if-exists="true" scd="tns:output">
      <class ref="com.example.notes.soap.mailSender.Output"/>
    </bindings>
  </bindings>
</bindings>
